Moça;Wando;lQ1Wcyw30Xo
Além do Horizonte;Roberto Carlos;cvaCR29CgH0
Im Not In Love;10cc;2rgepWg4rzw
Moro Onde Não Mora Ninguém;Agepê;Oplj90FQBSA
Paralelas;Vanusa;dYAIoQW2ej4
O Mestre Sala dos Mares;Elis Regina;n6-i_XQsxCE
Like A Locomotion;Left Side;-6X9SLeX48Q
Flying (Turn Round);Chris DeBurgh;Peuij7j9-A4
One Day In Your Life;Michael Jackson;JfktVRxye-Q
Charlie Brown;Benito Di Paula;zsx9wKH6L7Y
Fé Cega, Faca Amolada;Milton Nascimento & Beto Guedes;mWDTXhy6yuc
Philadelphia Freedom;The Elton John Band;9jiUlJuX-O0
Kung Fu Fighting;Carl Douglas;yRtrCq6LWt8
Dois Pra Lá, Dois Pra Cá;Elis Regina;bgig75U7AM0
Severina Xique Xique;Genival Lacerda;yn_k8NUBhgk
The Old Fashioned Way;Charles Aznavour;WIRDR-QXTbw
Island Girl;Elton John;IdUpUu9-Oko
O Mar Serenou;Clara Nunes;ihgRy51S39w
Love Will Keep Us Together;The Captain & Tennille;_QNEf9oGw8o
Only Yesterday;Carpenters;evETS8_WFGE
Get Down Tonight;KC & The Sunshine Band;LHEsE9yN2CY
Olha;Roberto Carlos;FtOqWvExQAo
Youre The First, The Last, My Everything;Barry White;2zfxZRBm3EY
1800 Colinas;Beth Carvalho;ClWse7GdrvE
Mandy;Barry Manilow;uoGcH2L68Mg
Bilú Tetéia;Mauro Celso;ih9rNvOTejY
July, July, July;Billy Paul;1uhVvgptOFM
Crítica;Cyro Aguiar;eIBkbl73Z4U
Please Mr. Postman;Carpenters;AHfddvbKb4w
Lovin You;Minnie Riperton;kE0pwJ5PMDg
Filho da Bahia;Fafá de Belém;CnHBPbo9nzE
Poxa;Gilson de Souza;88kPcjcHSN0
Secretária da Beira do Cais;Cesar Sampaio;rczRQV4d1FM
A Lua e Eu;Cassiano;6aL_SefTjss
You Are So Beautiful;Joe Cocker;ApfhL-06xfo
I Dont Like To Sleep Alone;Paul Anka with Odia Coates;RNmoHpUP-rY
Argumento;Paulinho da Viola;T1gB9Dwn7Ek
Lady Marmalade;LaBelle;t4LWIP7SAjY
Você Não Passa de Uma Mulher;Martinho da Vila;PdGV85Rx7cE
Kid Cavaquinho;Maria Alcina;9iTQJcKCrD4
O Ouro e a Madeira;Conjunto Nosso Samba;uOCuFpBt_nI
My Eyes Adored You;Frankie Valli;Xqz9eyakGqY
Dont Let Me Cry;Mark Davis;zTQ3_ltLJCQ
Na Sombra de Uma Árvore;Hyldon;j38eXua20Xo
Let Me Be Forever;Steve Feldman;-qCgGPaDly8
The Hustle;Van McCoy;wj23_nDFSfE
Ill Be Holding You;Al Downing;PyzrT7Rcm70
Nó na Madeira;João Nogueira;io0dLogkHIE
Beijo Partido;Milton Nascimento;PBStxSK9Ux0
Laugher In The Rain;Neil Sedaka;VCusyLPrFCo
Lucy In The Sky With Diamonds;Elton John;Ic2hlOwCif4
Filho da Véia;Luis Américo;MWLg0SE-zPw
Shame, Shame, Shame;Shirley & Co.;VEJnK8nvlk4
Rain & Memories;Paul Denver;EjhgIQHg3vQ
Agora Só Falta Você;Rita Lee;NBoZ1z9EhbE
Beleza Que é Você Mulher;Benito Di Paula;ubi3hz9-S6s
Juízo Final;Clara Nunes;WiH6oAYtMNI
Enamorada do Sambão;Beth Carvalho;gkHgVM1Zghw
Boogie On Reggae Woman;Stevie Wonder;h8Z_71sF4LU
Juventude Transviada;Luiz Melodia;t1SObvFUtVk
Its My First Day Without You;Dennis Yost & The Classics IV;Ktku8v0SKdE
Modinha Para Gabriela;Gal Costa;ipNg-AM6ugA
Sad Sweet Dreamer;Sweet Sensation;z9Rrrz0ZfRc
The Miracle;Stylistics;FFhCDMmpXf4
Emoriô;Fafá de Belém;k1Xy8FfQeAk
Amor Com Amor Se Paga;Carmen Silva;_-3EbC_iMVY
Na Beira do Mar;Wander Pires;vWyl3bcLKLQ
Dentro de Mim Mora Um Anjo;Sueli Costa;y2ccJzN6tQw
Linha do Horizonte;Azimuth;XKmtetL6Oig
Terceiro Ato;Antonio Carlos & Jocafi;oyBKUXeGXt8
Esse Tal de Roque Enrow;Rita Lee;eo3LGyvKVjE
A Deusa dos Orixás;Clara Nunes;Gs17NDxlCTs
A Sombra do Teu Sorriso;Moacyr Franco;jHXOEXbuNcM
As Dores do Mundo;Hyldon;r_tch26B1LI
Cuca Legal (Há Há Há);Chico Batera;I0YES9iNlqE
Beijo Partido;Nana Caymmi;PogjJX20hFY
Deixe o Meu Marido em Paz;Claudia Barroso;OfrphCKfeLI
Im Down;Hollies;z26LL7cU2Uk
Espelho Meu;Silvio Brito;1k0-Ly-GVz8
Pandeiro & Viola;Beth Carvalho;UKLeD4n1yKg
Foi Assim;Fafá de Belém;lkZ8usN7oCA
Ovelha Negra;Rita Lee & Tutti-Frutti;pJ4FMFPIf40
Foi Tudo Culpa do Amor;Diana;50aNr5B_68o
Folia de Reis;Baiano & Os Novos Caetanos;uC1w8_3t0XQ
From His Woman To You;Barbara Mason;LqfwVDp827I
Melô da Cuíca;Azimuth;wCPSExcEFt0
Im Prisioner;Paul Jones;pbnal29Di3g
Lua, Lua, Lua, Lua;Caetano Veloso;egb-EcydMKo
De Frente Pro Crime;Simone;amiZYluSCZc
Tango Pra Teresa;Angela Maria;kRrN7XZVlnE
Meu Perdão;Beth Carvalho;Xq6SFQaGao0
O Maior Golpe do Mundo;Deny & Dino;32TBnWUMTOo
Mulher Brasileira;Benito Di Paula;PtkAAVvbcgo
Quem é de Samba Chora;Gilson de Souza;Zdb0Fc1sB-Y
Não Esquenta a Cabeça, Não;Golden Boys;Tn7j35ruB6k
Antes Que Eu Volte a Ser Nada;Leci Brandão;dO4CLq9WM1A
Não Precisa Me Perdoar;Benito Di Paula;5FNsL2i6Zq4
Vai Levando;Chico Buarque & Maria Bethânia;19mY4FdeATE
Never Can Say Goodbye;Gloria Gaynor;CCSvNZWpXaM
Onde Está a Honestidade;Beth Carvalho;wa_6O0mGKco
Feelings;Morris Albert;CyBcHUe4WeQ
Excuse Me;Junior;RXZUygjhm7k
Goodbye Yellow Brick Road;Elton John;DDOL7iY8kfo
No Silêncio da Madrugada;Luiz Ayrão;t3b-3IvkPNc
You Make Me Feel Brand New;Stylistics;dJm51jsRoo0
O Portão;Roberto Carlos;wyCKbyTCNLc
Dont Let The Sun Go Down On Me;Elton John;FI5xme5k5AQ
Loves Theme;Love Unlimited Orchestra;8YS7sWCG_ZE
Na Rua, Na Chuva, Na Fazenda (Casinha de Sapê);Hyldon;Vv6kk2twm6E
Me And You;Dave McLean;l4sYDT-DeBQ
The Air That I Breathe;Hollies;HydvceA1PAI
Gita;Raul Seixas;_cpqBBjC0qM
Song For Anna;Herb Ohta;X-J9Pc7lvd4
Gaye;Clifford T. Ward;VJazTKgm_s8
Abre Alas;Ivan Lins;Kc26cJOHo_s
Band On The Run;Paul McCartney & Wings;uc-7G2OSsBY
So Very Hard To Go;Tower Of Power;t9BRqGpppJw
Rock Your Baby;George McCrae;kDD5BQlv8iw
O Mundo Melhor de Pixinguinha (Pizindim);Jair Rodrigues;ve6QeCS_9X4
Manhãs de Setembro;Vanusa;SB6Q1XNsBvE
Jungle Boogie;Kool & The Gang;QHGOO73Gxg4
Vô Batê Pá Tu;Baiano & Os Novos Caetanos;sheXZ-V4Lj8
Eres Tu (Touch The Wind);Mocedades;SbJn-ycV-N8
Bennie And The Jets;Elton John;p5rQHoaQpTw
Sideshow;Blue Magic;TscxLlhMiig
Love Me Or Leave Me Alone;Dennis Yost & The Classics IV;oCFwNOKeEW4
Eu Quero Apenas;Roberto Carlos;PBbxZIUFZF4
Canta, Canta Minha Gente;Martinho da Vila;FxQB1FYLu5k
Oh Very Young;Cat Stevens;bP6B9HttRI8
Se Não For Amor;Benito Di Paula;Ylcy-nqhhDQ
Tu Nella Mia Vita;Wess & Dori Ghezzi;n0cG6B-9kug
My Mistake;Diana Ross & Marvin Gaye;6SNtIOfuszg
Amor Com Amor Se Paga;Carmen Silva;_-3EbC_iMVY
Quantas Lágrimas;Chrystina;ZHNa39scwec
Flores Astrais;Secos & Molhados;M7kQbv4S8s8
Cadeira de Rodas;Fernando Mendes;mO3nBk2MiJ0
Sunshine On My Shoulders;John Denver;diwuu_r6GJE
Toró de Lágrimas;Antonio Carlos & Jocafi;mHnWceNdttw
All In Love Is Fair;Barbra Streisand;pL_EdmsCkJ4
Arrasta a Sandália;Trio Esperança;aXi5JNWMGg4
Until You Come Back To Me;Aretha Franklin;bJZwcaWResA
Tu Sei Cosi;Fred Bongusto;rWljOGBpX4c
Anastácio (Samba Enredo Para Um Sambista Morto);Cesar Costa Filho;slEGt4WRC0E
Vai Doer;Nazareno & Pena Branca;p1KGHtVnofo
A Noite Mais Linda do Mundo;Odair José;V0wqx43R35I
We Can Make It Happen;Stylistics;cNLwgas8-so
Beleza Que é Você Mulher;Benito Di Paula;ubi3hz9-S6s
She;Charles Aznavour;nxaZMreym88
Hello Old Friend;James Taylor;drXTI6wRTlo
Noi Due Per Sempre;Wess & Dori Ghezzi;MCWRrgrde1Q
Lady Its Time To Go;Stu Nunnery;ITicppJvnvQ
Lets Put It All Together;Stylistics;Lqe_CmLVU6g
Eu Quero Apenas Carinho;José Augusto;Da8CyveKwFI
The Way We Were;Barbra Streisand;1Yrd6caXygw
My Love;Margie Joseph;1x5hLq74fGA
Angie;Rolling Stones;K5_EBAzIPJM
Stop, Look, Listen (To Your Heart);Diana Ross & Marvin Gaye;zzg8Vm8rYrs
Sylvia;Stevie Wonder;vzQWIchC_n0
Amendoim Torradinho;Doris Monteiro;78OrptGD4wA
Cadê Você;Odair José;ykX7Jych0HE
Toró de Lágrimas;Djalma Dias;SqZDwR4HjvA
Disritmia;Martinho da Vila;ObU62GlC7mE
Machine Gun;Commodores;ho_Od3o9OLg
A Festa do Divino;Ivan Lins;I9FjGF92TG4
Soleado;Francisco Cuoco;P_SMtEhrDKE
Além de Tudo;Benito Di Paula;NZPkABKXlzo
Alvorecer;Clara Nunes;wcBlmSRtIvU
Dancing Machine;Jackson 5;o8HkEprSaAs
Amor Que Não Presta Não Serve Pra Mim;Angela Maria;YeP-gm_QQvo
Devil Or Angel;Bryan Hyland;nPMRMrUDP0w
Aquarela Brasileira;Elza Soares;LazBunCCy-8
As Andorinhas;Secos & Molhados;tvYkWwc-JDU
Mistura de Carimbó;Eliana Pittman;Zkxgo0yC1dE
Dont Worry Bout A Thing;Stevie Wonder;BOz3p6k5O2g
Ballad Of Danny Bayley;Elton John;2y3EMjrjIqk
Que Diacho de Dor;Maria Creuza;fz1AFz6MaMI
Conto de Areia;Clara Nunes;t6QEMGq74iQ
No Broken Heart;Chrystian;fgI_EUvJVDU
De Amor Eu Morrerei;Gal Costa;eBkCGPOgvAk
Dona da Casa;Antonio Carlos & Jocafi;tFx_vy2tN7g
Na Hora do Almoço;Belchior;d_YB1PTPLcc
Charlie Brown;Benito Di Paula;zsx9wKH6L7Y
E Lá Vou Eu;João Nogueira;4jc2hvWl3NU
El Rey;Secos & Molhados;jJ67hyq4O9M
Pledging My Love;Diana Ross & Marvin Gaye;AyStAZj1JQI
Esses Moços (Pobres Moços);Gilberto Gil;2Ys68nziYcA
All In Love Is Fair;Stevie Wonder;OxNw9LmWq-E
In The Rain;Dramatics;PxIPhbNbBCI
João de Barro;Sergio Reis;LsluLzAPgoA
Maior é Deus;Beth Carvalho;tacFqcQ5ZqI
Make It Easy On Yourself;Oscar Toney Jr;EuITOI5k8K0
Maracatu Atômico;Gilberto Gil;mMS-k1Znk2A
De Conversa em Conversa;Maria Creuza;AX7a6YxHNCk
Veneno;Eduardo Gudin, Márcia & Paulo Cesar Pinheiro;kE-RSEKRBw0
Nervos de Aço;Paulinho da Viola;Cno5fRugZoY
A Dona do Primeiro Andar;Os Originais do Samba;dkeB6rmRbJI
Tell Me A Lie;Sammi Jo;Qe7gPNlHZi8
O Trem das Sete;Raul Seixas;vBnRwIRer4E
Como é Duro Trabalhar;Toquinho & Vinicius;GcDFnVrkPHw
O Espigão;Zé Rodrix;E1vBDpVJBOY
O Vira;Secos & Molhados;vDvjecJOpa4
Retalhos de Cetim;Benito Di Paula;Z1DVYcUK3PY
Sangue Latino;Secos & Molhados;BliqScxpNRs
Skyline Pigeon;Elton John;nPzlGklVNb0
Só Quero Um Xodó;Gilberto Gil;AzCgA-a3sUo
Killing Me Softly With His Song;Roberta Flack;LQ2t5e7stVM
Gostava Tanto de Você;Tim Maia;TZQsoLACMW0
Ouro de Tolo;Raul Seixas;cn0S56WPkjQ
Uma Vida Só (Pare de Tomar a Pílula);Odair José;E9uVeecg1ZI
Your Song;Billy Paul;22jMZdBUzDI
Esse Cara;Maria Bethânia;9J4K851aal4
Tie A Yellow Ribbon Round The Ole Oak Tree;Tony Orlando & Dawn;wWn1Oj2V7Xw
My Love;Paul McCartney;NkcnRsLYXT0
Music And Me;Michael Jackson;Qo7s4rwLnCI
Proposta;Roberto Carlos;TVbgpDsckI4
Crocodile Rock;Elton John;QS-YZlJLCbM
Estrada da Vida;Milionário & José Rico;JBT2KrL5His
Neither One Of Us;Gladys Knight & The Pips;n_Lh4MFiw08
Eu Bebo Sim;Elizeth Cardoso;DU6TwSbxFp4
Me And Mrs. Jones;Billy Paul;81bgy94vdRI
Orgulho de Um Sambista;Jair Rodrigues;mWNs-Gw47w4
Daniel;Elton John;UA78e27R_J4
Do You Love Me;Shariff Dean;fBaO3TL2dB0
Brother Louie;Stories;aJxZL9L6YWc
Tristeza Pé no Chão;Clara Nunes;iqEBPq6nvPU
Clair;Gilbert OSullivan;sU9fClvdo5s
You Are The Sunshine Of My Life;Stevie Wonder;3wZ_b_uUAdQ
Why Cant We Live Together;Timmy Thomas;KYx2uZRlJCk
Rosa de Hiroshima;Secos & Molhados;DwVc0G3IKU4
Youre A Lady;Peter Skellern;_YPXPDDk7TI
Forever And Ever;Demis Roussos;F3vCB3YBMUo
O Homem de Nazareth;Antonio Marcos;1BbZGOf905U
Oh Girl;ChiLites;pjN8huzS2Nc
Camisa 10;Luis Américo;9UyObhycMEM
Also Sprach Zarathustra (2001);Deodato;RJKsp9_L24Q
A Cigana;Roberto Carlos;46BqkeUqs4I
Do You Like Samba;Ciro Aguiar;xj42vU25bzk
Sorria, Sorria;Evaldo Braga;kArqRMMlMTs
The Guitar Man;Bread;hrsKJ0KUyJw
Diamond Girl;Seals & Crofts;RC-oP84mRME
Viagem;Marisa;tTAHDpQc7k8
O Menino da Porteira;Sérgio Reis;oxHGSXBAEC0
The Morning After;Maureen McGovern;_KClpLzFftU
Réu Confesso;Tim Maia;_0s7qVLDiB4
Superwoman;Stevie Wonder;U-ohttPIqco
Push Together;Chakachas;PlFE9qNmObo
Youre So Vain;Carly Simon;mQZmCJUSC6g
Ill Be Fine;Pete Dunaway;zXbV9mOOFPk
Lets Get It On;Marvin Gaye;x6QZn9xiuOE
Listen;Paul Bryan;ovbOXqFhmVo
Dont Say Goodbye;Chrystian;CgvtQma_zm4
Angie;The Rolling Stones;K5_EBAzIPJM
Ive Been Around;Nathan Jones;2qzpJyasAFQ
Serafim e Seus Filhos;Ruy Maurity Trio;y08emOzCCLI
Oh, Babe, What Would You Say?;Hurricane Smith;qnxoTCvklKQ
Meu Pai Oxalá;Toquinho & Vinícius;_ahsXzmmplU
Masterpiece;Temptations;U3z5NKskK60
Painted Ladies;Ian Thomas;QRvY-I9pNpI
Listen To The Music;Doobie Brothers;GVgMzKMgNxw
Eu, Você e a Praça;Odair José;2PZJ8ZWYgMs
Superstition;Stevie Wonder;0CFuCYNx-1g
Rockin Roll Baby;Stylistics;EDfVgFCkYxI
Dont Mess With Mister T;Marvin Gaye;PzOPx5EE_g8
Monkberry Moon Delight;Exuma;raNCRfMvRUQ
Boi da Cara Preta (Eneida, Amor e Fantasia);Jair Rodrigues;oBFXa0yEVUA
E Agora José;Paulo Diniz;1L9mZIxgaq0
Cristo, Quem é Você;Odair José;BHGYdCh-rNM
Porta Aberta;Luiz Ayrão;Mn8glA-2FcU
Homem de Verdade;Djalma Dias;Mj1zYDilmsc
Drama;Maria Bethânia;0BCyZeATaQo
Estácio Holy Estácio;Luiz Melodia;7wC1UfRj59M
A Desconhecida;Fernando Mendes;iEPFIXdxZAM
Eu Não Sou Cachorro Não;Waldik Soriano;PxNmQYbbkco
Soul Makossa;Manu Dibango;aWK_Josc0Og
Summer Breeze;Seals & Crofts;MsW8rXPcnM0
Folhas Secas;Elis Regina;2JPnhwFJofk
Al Capone;Raul Seixas;jGUVnolU9QE
For Once In My Life;Gladys Knight & The Pips;I2WUALkeEVM
Meu Sapato Já Furou;Clara Nunes;yEfnau5TqxQ
Cachaça Mecânica;Erasmo Carlos;XUOgpSlMH7w
Funky Stuff;Kool & The Gang;5Tkyiow_77U
Folhas Secas;Beth Carvalho;IG-xYVPvH8c
She Made Me Cry;Pholhas;DzsQALD8QBk
Long Train Running;Doobie Brothers;tnD0eVdHJfI
No More Troubles;Sharif Dean;Nkw9XcFMg7I
It Never Rains In Southern California;Albert Hammond;-pyC7WnvLT4
Mosca na Sopa;Raul Seixas;uILahrIRiMA
Tá Todo Mundo Louco;Silvio Brito;0iFhov2NaEU
He;Family Child;mOk3bcyJX7o
Metamorfose Ambulante;Raixas;7VE6PNwmr9g
Não Tenho Culpa de Ser Triste;Nelson Ned;u67-oquMAe4
Comportamento Geral;Gonzaguinha;RLxQ1UyHDD4
Tell Me Once Again;Light Reflections;Nmsc-OaQeY0
The Snake;El Chicles;jV1AMBa7qP4
Que as Crianças Cantem Livres;Taiguara;Hblc6hnf8fg
Cavalo Ferro;Fagner;D7L2Og08A50
Naquela Mesa;Elizeth Cardoso;1Cx3S8TCCQE
Eu Disse Adeus;Maria Creuza;2CDZyyD1mC4
Volta;Gal Costa;cl6ZzTnCdKY
Sing;Carpenters;1rWMlm4Zm8Q
Alone Again (Naturally);Gilbert OSullivan;D_P-v1BVQn8
Ilu Ayê;Clara Nunes;9bcnkzsx-YY
Fio Maravilha;Maria Alcina;AYucUeksWPA
The First Time Ever I Saw Your Face;Roberta Flack;r9jmusgMgro
Rock And Roll Lullaby;B.J. Thomas;niIW7Ns2HJw
Como Vai Você;Roberto Carlos;BJJ0C_DeqXc
Summer Holiday;Terry Winter;PVWCoFuJUGY
Casa no Campo;Elis Regina;1edqNf1AYBE
Without You;Nilsson;_bQGRRolrg0
Ben;Michael Jackson;g40WCBaUXR4
Mangueira, Minha Madrinha Querida (Tengo Tengo);Jair Rodrigues;YTE76KKh6Lc
Soley Soley;Middle Of The Road;rm_bhJ7-ddA
Imagine;John Lennon;DVg2EJvvlF8
Betcha By Golly, Wow;Stylistics;alvEUFJtMw8
Águas de Março;Elis Regina;Qle1OrunKnE
Tell Me Once Again;Light Reflections;Nmsc-OaQeY0
A Horse With No Name;America;zSAJ0l4OBHM
Atrás da Porta;Elis Regina;35FPZR24djg
Long Ago And Tomorrow;B.J. Thomas;qB9NyN9Qu8s
Oração de Mãe Menininha;Maria Bethânia & Gal Costa;6UZP5b99ir4
Das 200 Pra Lá;Eliana Pittman;8hfs2VTcHiA
Lets Stay Together;Al Green;COiIC3A0ROM
Eu Quero é Botar Meu Bloco na Rua;Sergio Sampaio;rsiAN__ii7E
Mammy Blue;Ricky Shayne;Iw1uTVTGKmE
Esperanças Perdidas;Os Originais do Samba;pG2BXpFAqbI
Morning Has Broken;Cat Stevens;kKoRp05L95c
Rocket Man;Elton John;-LX7WrHCaUA
Concerto Pour Un Été;Alain Patrick;2X3uOKrmo44
Canário do Reino;Tim Maia;i_ZDX2Q7rdA
Eu Não Sou Cachorro Não;Waldik Soriano;PxNmQYbbkco
I Can See Cleary Now;Johnny Nash;FscIgtDJFXg
Run To Me;Bee Gees;X89fCiZs_Lc
Regra Três;Toquinho & Vinicius;dVO6ZOb45oA
Theres No More Corns On The Brasos;The Walkers;YnbcTCBB_M4
Got To Be There;Michael Jackson;BTxvWW667Mg
Day After Day;Badfinger;-btv-7GkVk0
I Am So Happy;Trio Galleta;ifMuAvaPOd0
Saturday In The Park;Chicago;PLiMy4NaSKc
Precious And Few;Climax;I95xCjQe6Jg
A Montanha;Roberto Carlos;rybX96pg2yY
Oração de Um Jovem Triste;Antonio Marcos;88hqwru13m4
Vou Tirar Você Deste Lugar;Odair José;xFezy2bX4fs
Dose Pra Leão;Cesar Costa Filho;7mNAkLiZ1Pg
Pérola Negra;Gal Costa;psGNk17ByJo
Sacramento;Middle Of The Road;HtAZ8jXYL-w
Nada Será Como Antes;Elis Regina;eDr3u5MF2HQ
Oh Girl;Chi-Lites;pjN8huzS2Nc
Dont Wanna Say Goodbye;Raspberries;EQZVjR19pbk
Bala Com Bala;Elis Regina;KDoYXygtKUw
Song Sung Blue;Neil Diamond;ighSddnnaPE
Everything I Own;Bread;2i43aAn2rq8
So Far Away;Carole King;1GAaWz4X4nU
Mon Amour, Meu Bem, Ma Femme;Reginaldo Rossi;xnwTsQuenrc
A Taste Of Excitment;Carnaby St. Pop Orchestra And Choir;et5jTkv8hPo
Quando as Crianças Saírem de Férias;Roberto Carlos;JcGJRIZVhfY
Mercy Mercy Me (The Ecology);Marvin Gaye;EMuWmU1iNJo
Frightened Girl;Silent Majority;WZX7IcsesJU
Son Of My Father;Giorgio;8pFiM0-gpYU
I Wanna Be Where You Are;Jose Feliciano;Mgx5NSZJnRE
La Question;Françoise Hardy;D-lIxIYmdKM
O Lado Direito da Rua Direita;Os Originais do Samba;780-_d1OZL8
Im Still In Love With You;Al Green;M8AtyaxgtOU
Esse Mar é Meu;Eliana Pittman;8hfs2VTcHiA
San Vicente;Milton Nascimento;6nFrpjjQ0vU
Beira Mar;Eliana Pittman;wLFC7dBJgCs
Violão Não Se Empresta a Ninguém;Benito Di Paula;a_LrC3ZJxoU
Hurting Each Other;Carpenters;sqkVNHwJfKc
Pop Concerto;Pop Concerto Orchestra;X57anhQGIWA
Preta Pretinha;Os Novos Baianos;P4t3-cv4lGY
Martim Cererê;Zé Catimba & Brasil Ritmo 67;yjcDFvnKPBo
Cais;Milton Nascimento;frHaMD7eVfA
Casa e Comida;Núbia Lafayette;CM-__L9Y7HI
Cravo e Canela;Milton Nascimento;MVnfXLlrhPo
Baby Im - A Want You;Bread;Iq3biClGRNk
Where Is The Love;Roberta Flack & Donny Hathaway;ZcHPNUN-U8E
Índia;Gal Costa;jEfM31fFx3o
Going Back To Indiana;Jackson 5;CMgg1CZw0hc
Long Cool Woman (In A Black Dress);The Hollies;1l0xpkk0yaQ
Remember Me;Diana Ross;vJwp3EOZtHU
Taj Mahal;Jorge Ben;WYOojpMqQSQ
The Candy Man;Sammy Davis, Jr.;AIPGyKGuWeA
Mucuripe;Elis Regina;v_2JlpKZWKk
Segure Tudo;Martinho da Vila;aPsHzUUeFbk
Floy Joy;Supremes;DmAaz2e1G5U
Por Deus Eu Juro;Claudia Barroso;wkv2vqekUKg
O Menino da Gaita;Sergio Reis;4nK7Fz-Z1Ok
Ninguém Tasca (O Gavião);Golden Boys;RF5dr7Bt4xo
Meu Guarda Chuva;Elizabeth Viana;fIqLoZsT69Q
Heart Of Gold;Neil Young;pO8kTRv4l3o
Oração de Mãe Menininha;Dorival Caymmi;pho4iG14j6M
Stick Up;Honey Cone;56mV2KW64D8
Skyline Pigeon;Elton John;nPzlGklVNb0
Jogo do Amor;Milionário & José Rico;oxS0quDo2sY
How Do You Do?;Mouth & MacNeal;6QXyqk9flwk
Quando o Carnaval Chegar;Chico Buarque;bXqfDZIa7_U
American Pie;Don McLean;uAsV5-Hv-7U
Hoje Ainda é Dia de Rock;Sá, Rodrix & Guarabyra;vX2L4GNtSWc
Dança do Escorregador;Manhoso;qQ89lRVuWf4
The Lion Sleeps Tonight;Robert John;Q7mDzwYcZiM
Cavaleiro de Aruanda;Ronnie Von;NrJsoxCHYXg
Detalhes;Roberto Carlos;OzHNluOdrhA
Tarde em Itapoã;Toquinho, Vinicius & Marília Medalha;CnT4-454jBc
Its Too Late;Carole King;BDm1xD_Kwyc
Você Abusou;Antonio Carlos & Jocafi;_LoLTtBDPIk
How Can You Mend A Broken Heart;Bee Gees;pTQiT58AbE0
Have You Ever Seen The Rain;Creedence Clearwater Revival;Gu2pVPWGYMQ
Debaixo dos Caracóis dos Seus Cabelos;Roberto Carlos;jZUXxF3C1FI
Ê Baiana;Clara Nunes;X_rcY9oFMoI
Maggie May;Rod Stewart;7T5hYlUsQ0s
Candida;Dawn;B6krs-w4DQg
Never Can Say Goodbye;Jackson 5;IvmqYZr0RFo
Menina da Ladeira;João Só;DGuUGDBts1E
Como Dois e Dois;Gal Costa;A7Z_qIJwaZs
Cotidiano;Chico Buarque;8LeIg-TtHQw
Rose Garden;Lynn Anderson;WO4wcNVbYOQ
Youve Got A Friend;James Taylor;xEkIou3WFnM
A Tonga da Mironga do Kabuletê;Toquinho, Vinicius & Monsueto;4b16M_J8l7o
My Sweet Lord;George Harrison;0kNGnIKUdMI
Você;Tim Maia;Ubfc7gTH7vo
Black Magic Woman;Santana;95kCv10duFw
Whats Going On;Marvin Gaye;H-kA3UtBj4M
If;Bread;LYFJRomR12k
Joy To The World;Three Dog Night;yf-d-Ka30EY
Festa Para Um Rei Negro;Jair Rodrigues;PD9g3Ow6Sd4
Me And Bobby McGee;Janis Joplin;WXV_QjenbDw
Be My Baby;Andy Kim;gBAuh7L3uKU
Theme From Shaft;Isaac Hayes;nFvRvSxsW-I
Amada Amante;Roberto Carlos;hoYyFlrlck4
O Cafona;Marcos Valle;x0NFAQeoesQ
No Matter What;Badfinger;Xoke1wUwEXY
Não Quero Dinheiro (Só Quero Amar);Tim Maia;um5f6s0gdmU
Lonely Days;Bee Gees;50vA6O9otjw
Another Day;Paul McCartney;vH6v9JS26xc
I Love You For All Seasons;Fuzz;4mXt5Ulnm3U
Mother;John Lennon;eDVkkwl6aJo
Casa no Campo;Elis Regina;1edqNf1AYBE
Shes A Lady;Tom Jones;0MldsqKGnLA
(Where Do I Begin) Theme From Love Story;Francis Lai;IY1v-FG8fxY
Com Mais de Trinta;Marcos Valle;GImaUqwdyqQ
De Noite na Cama;Doris Monteiro;6Th_1oQkbpo
Dont Pull Your Love;Hamilton, Joe Frank & Reynolds;E_3QqzI23sE
Desacato;Antonio Carlos & Jocafi;51aPwctcLSE
Fire And Rain;James Taylor;C3uaXCJcRrE
It Dont Came Easy;Ringo Starr;anpjEN9KeJ0
Family Affair;Sly & The Family Stone;NdiRhzTsSnk
Capim Gordura;Ivon Curi;R_RC3e4vKww
Knock Three Times;Dawn;emvVDC1-bwI
Quem Mandou Você Errar;Claudia Barroso;Vc-RA40OUFE
16 Toneladas;Noriel Vilela;Beo_jHowU-I
A Festa de Santos Reis;Tim Maia;Vh9Tb66g9iU
Mudei de Idéia;Antonio Carlos & Jocafi;Fhu39BUCCjM
One Bad Apple;Osmonds;KjfT1D1lg-E
Mas Que Doidice;Maria Creuza;WdlwfON1MaA
Ovo de Codorna;Luiz Gonzaga;B97eE4eso6o
Impossível Acreditar Que Perdi Você;Marcio Greyck;wsNkfeNQPCw
Oh Me, Oh My;B.J. Thomas;PpEBFh0xlAE
Sanctus, Sanctus, Hallelujah;Barry Ryan;FCHzebmziBk
Gypsy Woman;Brian Hyland;StC5lwA2snM
Carta de Amor;Waldik Soriano;6n-xoSCXyS0
Amanda;Taiguara;qEUKRSdgedY
Look Around (Youll Find Me There);Al Martino;No_DPh4GXCI
Construção;Chico Buarque;jzWI_JjFBr0
Tengo Tengo (Mangueira, Minha Madrinha Querida);Jair Rodrigues;YTE76KKh6Lc
Bloco da Solidão;Altemar Dutra;4DYqs7vMn94
Kokorono Niji;Os Incríveis;Xs_p3MeCR8Y
O Último Romântico;Agnaldo Timóteo;n06Ll2KQMYI
José;Nalva Aguiar;cYVGGAReBQ0
Boêmio Demodê;Cyro Aguiar;iMf22noH0hY
Oh Me, Oh My;Lulu;0X0WYqiPYjI
Deus Lhe Pague;Chico Buarque;PvN7nocb9kA
It Dont Matter To Me;Bread;pl7U2jy1wMQ
Superstar;Carpenters;SJmmaIGiGBg
Brown Sugar;The Rolling Stones;59K2kF6o9Tk
One Less Bell To Answer;The 5th Dimension;pjW_z02EjaA
Eu Não Tenho Onde Morar;Ed Lincoln;VlZPRHT1HqY
Toast And Marmalade For Tea;Tin Tin;a1SenDxZAbA
Montego Bay;Bobby Bloom;DYYiaZcuEuk
I Think I Love You;The Partridge Family;bb4FMn-IWEY
Não Existe Nada Além de Nós;Joelma;ND01k90uEIM
Como Dois e Dois;Roberto Carlos;5VkcRR9eiOw
Procurando Tu;Ivon Curi;TPdP6g_KbtA
Domingo de Solidão;Carmen Silva;2STh26wns1Y
Te Quero... Te Quero;Joelma;2ZM-9iWk4tU
The Tears Of A Clown;Smokey Robinson & The Miracles;ZaMX0Cs5Bc4
Adeus Solidão;Carmen Silva;2STh26wns1Y
Acapulco Gold;Mazon Dixon;9QLrney0X60
O Fim;Carmen Silva;jtb6coA2pyQ
Pra Começo de Assunto;Elizeth Cardoso;OPHiZczW8W4
De Tanto Amar;Claudette Soares;xz828WPAANE
Ei, Meu Pai;Demétrius;i_lfBTyp0dQ
Bloco da Solidão;Maysa;3jBWxuNH9AE
O Velho e o Novo;Agnaldo Rayol;GEWpCAIAUNo
Mr. Big Stuff;Jean Knight;ooYExfw9lLY
Just My Imagination;The Temptations;unqMZwggGOw
E Lá Se Vão Meus Anéis;Márcia;-ABHbvV-k2M
All Right Now;Free;siMFORx8uO8
Ainda Queima a Esperança;Gilberto & Gilmar;IW-cooYYmOE
Weve Only Just Begun;Carpenters;__VQX2Xn7tI
Lola;The Kinks;LemG0cvc4oU
Foi Um Rio Que Passou Em Minha Vida;Paulinho da Viola;TeF8W3WMycA
Pra Frente Brasil;Coral Joab;qsUvFHCT4pQ
Jesus Cristo;Roberto Carlos;iIL-uN0FWsY
Madalena;Elis Regina;-nLhnbspYtY
Yellow River;Christie;zGoHQ7c5I2I
Bridge Over Troubled Water;Simon & Garfunkel;jjNgn4r6SOA
Azul da Cor do Mar;Tim Maia;Htv6bEsEdHk
Raindrops Keep Fallin On My Head;B.J. Thomas;hziG9Nr6KHU
Let It Be;Beatles;WcBnJw-H2wQ
BR3;Tony Tornado & Trio Ternura;C9Amf-yTCCc
ABC;Jackson 5;ho7796-au8U
Reflections Of My Life;Marmalade;xTeI65yrhGw
Eu Te Amo Meu Brasil;Dom & Ravel;KKnoxfKqKkI
Primavera (Vai Chuva);Tim Maia;IKXRbAFNuLs
Something;Beatles;IrW7dlDHH28
Marie Jolie;Aphrodites Child;RlBFeq2FK1I
Menina;Paulinho Nogueira;K61xiT1bxvc
Universo no Teu Corpo;Taiguara;PNOvZCK2umE
Quero Voltar Pra Bahia;Paulo Diniz;74SjGhduZkk
Bandeira Branca;Dalva de Oliveira;RQLhK7sLvzY
Teletema;Evinha;C7mj4tE8jX0
O Amor é o Meu País;Ivan Lins;0oXpQwOg7k0
London, London;Gal Costa;57iD6m1itdM
Venus;Shocking Blue;aPEhQugz-Ew
Airport Love Theme;Vincent Bell;OsTne8nT8BI
Ill Be There;Jackson 5;W-apaIOOoAo
In The Summertime;Mungo Jerry;wvUQcnfwUUM
Coqueiro Verde;Erasmo Carlos;wcmjFxXUQoA
(They Long To Be) Close To You;Carpenters;ANZ1sUwg_Fg
120... 150... 200 Km Por Hora;Roberto Carlos;KxPKtzrolqw
Ti Voglio Tanto Bene;Rossano;iHvx8cxldUM
American Woman;The Guess Who;_FUo2oZsXbc
Midnight Cowboy;Ferrante & Teicher;kHAw1NevuyI
Gente Humilde;Angela Maria;eE5BmYb8uFY
The Long And Winding Road;Beatles;Xqu9qhBHWNs
Make It With You;Bread;s0KXV0gB0dw
Cracklin Rosie;Neil Diamond;YhumCu3fzMI
Get Ready;Rare Earth;IyAwY2Q96Ps
Adeus Solidão;Carmen Silva;2STh26wns1Y
Everybodys Talkin;Nilsson;55xQu9eIPIA
Pra Você;Silvio Cesar;JfIl93h7b5I
Para Lennon & McCartney;Milton Nascimento;AvhKyPZUOd0
Coroné Antonio Bento;Tim Maia;iXGD_Yv79A4
Spill The Wine;Eric Burdon & War;w6qcafgLHe4
Lay Down (Candles In The Rain);Melanie & The Edwin Hawkins Singers;oJZ0LpDhQSM
Meu LaiáRaiá;Martinho da Vila;sQA6k_MVMR4
GreenEyed Lady;Sugarloaf;i_i7PKdQJU4
My Baby Loves Lovin;White Plains;GTcN4Mm4ZDI
Rainy Night In Georgia;Brook Benton;bDRbF80NKDU
Padre Cícero;Tim Maia;1Ym1mnUVH0k
Paixão de Um Homem;Waldik Soriano;tl2a9jSicd8
Teletema;Regininha;Heu8cJ7HIzY
Hotel das Estrelas;Gal Costa;BsGR4Mxpl1k
The Boxer;Simon & Garfunkel;MYPJOCxSUFc
Procurando Tu;Ivon Curi;TPdP6g_KbtA
Irmãos Coragem;Jair Rodrigues;sx5WvSC0tHI
Carta de Amor;Waldik Soriano;6n-xoSCXyS0
Eu Amo Você;Tim Maia;PO_5a-WgcP8
Come Together;Beatles;mfI4111pc0s
Yester me, Yester you, Yesterday;Stevie Wonder;LWD9mfLW9xY
Vou Deitar e Rolar;Elis Regina;ODZLuYS2HmI
Je TAime (Moi Non Plus);Jane Birkin & Serge Gainsburg;9krvMqLnc5U
Without Love;Tom Jones;HvA1